{
    "AMD EPYC 7763 (2) @ 3.244GHz": {
      "unsafe": {
        "arg": [
          -0.1372560000000007,
          -0.0012319999999998998,
          -0.0005210000000008819,
          -0.00043100000000073635,
          -0.0003109999999999502,
          -0.0003100000000006986,
          -0.00027000000000043656,
          -0.0002599999999990388,
          -0.0002510000000004453,
          -0.0002510000000004453,
          -0.00024999999999941735
        ],
        "array": [
          -0.03292099999999998,
          -0.0009119999999995798,
          -0.000610999999999251,
          -0.0005609999999993676,
          -0.0004409999999985814,
          -0.00035100000000021225,
          -0.00034100000000059083,
          -0.000321000000001348,
          -0.0003010000000003288,
          -0.0003000000000010772,
          -0.00029100000000070736,
          -0.00029100000000070736,
          -0.00029000000000145576,
          -0.0002899999999996794,
          -0.000280000000000058,
          -0.00027099999999968816,
          -0.00027000000000043656,
          -0.00027000000000043656,
          -0.00026000000000081513,
          -0.0002599999999990388,
          -0.0002510000000004453,
          -0.0002410000000008239
        ],
        "object": [
          -0.02366400000000013,
          -0.0007310000000000372,
          -0.0003010000000003288,
          -0.00023999999999979593,
          -0.0002099999999991553,
          -0.00020100000000056184,
          -0.00020000000000131024,
          -0.00020000000000131024,
          -0.00019099999999916406,
          -0.00018999999999991246,
          -0.00018999999999991246
        ],
        "object_2": [
          -0.021300000000000097,
          -0.0010419999999999874,
          -0.00039999999999906777,
          -0.0003609999999998337,
          -0.00032999999999994145,
          -0.0003109999999999502,
          -0.0003109999999999502,
          -0.0003100000000006986,
          -0.0003100000000006986,
          -0.0003010000000003288,
          -0.000280000000000058
        ]
      },
      "safe": {
        "arg": [
          -0.028553000000000495,
          -0.0010619999999992302,
          -0.0005009999999998627,
          -0.0002999999999993008,
          -0.00026100000000006673,
          -0.00026000000000081513,
          -0.0002510000000004453,
          -0.00025099999999866895,
          -0.00025099999999866895,
          -0.00024999999999941735,
          -0.00023999999999979593
        ],
        "array": [
          -0.021989999999998844,
          -0.0009119999999995798,
          -0.0006210000000006488,
          -0.0005609999999993676,
          -0.0004210000000011149,
          -0.00039099999999869794,
          -0.00032999999999994145,
          -0.00029100000000070736,
          -0.0002899999999996794,
          -0.0002899999999996794,
          -0.000280000000000058,
          -0.0002710000000014645,
          -0.0002710000000014645,
          -0.00027099999999968816,
          -0.00027099999999968816,
          -0.00027099999999968816,
          -0.00027000000000043656,
          -0.00027000000000043656,
          -0.00027000000000043656,
          -0.00027000000000043656,
          -0.00026100000000006673,
          -0.0002599999999990388
        ],
        "object": [
          -0.021589999999999776,
          -0.0012019999999992592,
          -0.0006009999999996296,
          -0.00042099999999933857,
          -0.0003809999999990765,
          -0.0003609999999998337,
          -0.0003609999999998337,
          -0.00035100000000021225,
          -0.00035100000000021225,
          -0.0003499999999991843,
          -0.0003409999999988145
        ],
        "object_2": [
          -0.018614999999998716,
          -0.0009319999999988227,
          -0.0004609999999996006,
          -0.0003409999999988145,
          -0.0003109999999999502,
          -0.0003009999999985524,
          -0.0002999999999993008,
          -0.0002999999999993008,
          -0.0002899999999996794,
          -0.0002899999999996794,
          -0.00027099999999968816
        ]
      }
    },
    "intel(R) Celeron(R) N5100 @ 1.10GHz (4 threads, 2.80GHz)": {
      "unsafe": {
        "arg": [
          -0.09999999962747097,
          0,
          0,
          0,
          0,
          0,
          0,
          0,
          0,
          0,
          0
        ],
        "array": [
          -0.09999999962747097,
          0,
          0,
          0,
          0,
          0,
          0,
          0,
          0,
          0,
          0,
          0,
          0,
          0,
          0,
          0,
          0,
          0,
          0,
          0,
          0,
          0
        ],
        "object": [
          0,
          0,
          0,
          0,
          0,
          0,
          0,
          0,
          0,
          0,
          0
        ],
        "object_2": [
          0,
          0,
          0,
          0,
          0,
          0,
          0,
          0,
          0,
          0,
          0
        ]
      },
      "safe": {
        "arg": [
          -0.09999999962747097,
          0,
          0,
          0,
          0,
          0,
          0,
          0,
          0,
          0,
          0
        ],
        "array": [
          -0.09999999962747097,
          0,
          0,
          0,
          0,
          0,
          0,
          0,
          0,
          0,
          0,
          0,
          0,
          0,
          0,
          0,
          0,
          0,
          0,
          0,
          0,
          0
        ],
        "object": [
          -0.10000000149011612,
          0,
          0,
          0,
          0,
          0,
          0,
          0,
          0,
          0,
          0
        ],
        "object_2": [
          -0.09999999962747097,
          0,
          0,
          0,
          0,
          0,
          0,
          0,
          0,
          0,
          0
        ]
      }
    }
}